{"cameraMode":{"drawMode":0,"name":"Shaded","section":"Shading Mode"},"sceneLighting":false,"audioPlay":false,"sceneViewState":{"showFog":true,"showMaterialUpdate":false,"showSkybox":true,"showFlares":true,"showImageEffects":true,"showParticleSystems":true},"in2DMode":false,"pivot":{"x":0.44322848320007326,"y":4.377174377441406,"z":-3.0885720252990724},"rotation":{"x":0.04154758155345917,"y":0.9584027528762817,"z":-0.20458769798278809,"w":0.19463273882865907},"size":10.55562973022461,"orthographic":false}