{"cameraMode":{"drawMode":2,"name":"Shaded Wireframe","section":"Shading Mode"},"sceneLighting":true,"audioPlay":false,"sceneViewState":{"showFog":true,"showMaterialUpdate":false,"showSkybox":true,"showFlares":true,"showImageEffects":true,"showParticleSystems":true},"in2DMode":false,"pivot":{"x":121.36231231689453,"y":26.550979614257814,"z":244.79640197753907},"rotation":{"x":-0.18088850378990174,"y":0.6656765341758728,"z":0.17117322981357575,"w":0.7034584879875183},"size":90.77703094482422,"orthographic":false}