{"cameraMode":{"drawMode":0,"name":"Shaded","section":"Shading Mode"},"sceneLighting":true,"audioPlay":false,"sceneViewState":{"showFog":true,"showMaterialUpdate":false,"showSkybox":true,"showFlares":true,"showImageEffects":true,"showParticleSystems":true},"in2DMode":false,"pivot":{"x":62.63545227050781,"y":22.7955379486084,"z":31.865215301513673},"rotation":{"x":0.058794982731342319,"y":0.6222007870674133,"z":-0.04694701358675957,"w":0.7792337536811829},"size":176.0018310546875,"orthographic":false}