{"cameraMode":{"drawMode":2,"name":"Shaded Wireframe","section":"Shading Mode"},"sceneLighting":false,"audioPlay":false,"sceneViewState":{"showFog":true,"showMaterialUpdate":false,"showSkybox":true,"showFlares":true,"showImageEffects":true,"showParticleSystems":true},"in2DMode":false,"pivot":{"x":-3.830219268798828,"y":2.436192512512207,"z":-1.396918773651123},"rotation":{"x":0.0871417447924614,"y":0.7539428472518921,"z":0.10216674953699112,"w":-0.6430696845054627},"size":17.82715606689453,"orthographic":false}