{"cameraMode":{"drawMode":2,"name":"Shaded Wireframe","section":"Shading Mode"},"sceneLighting":true,"audioPlay":false,"sceneViewState":{"showFog":true,"showMaterialUpdate":false,"showSkybox":true,"showFlares":true,"showImageEffects":true,"showParticleSystems":true},"in2DMode":false,"pivot":{"x":-2.3993520736694338,"y":3.924607276916504,"z":-8.587804794311524},"rotation":{"x":-0.0031658452935516836,"y":0.9965302348136902,"z":-0.045183923095464709,"w":-0.06982757151126862},"size":17.139741897583009,"orthographic":false}