{"cameraMode":{"drawMode":0,"name":"Shaded","section":"Shading Mode"},"sceneLighting":false,"audioPlay":false,"sceneViewState":{"showFog":true,"showMaterialUpdate":false,"showSkybox":true,"showFlares":true,"showImageEffects":true,"showParticleSystems":true},"in2DMode":false,"pivot":{"x":-0.004788398742675781,"y":18.199892044067384,"z":2.2452268600463869},"rotation":{"x":0.04919601231813431,"y":-0.9442086219787598,"z":0.2803467810153961,"w":0.16569721698760987},"size":107.3867416381836,"orthographic":false}