{"cameraMode":{"drawMode":2,"name":"Shaded Wireframe","section":"Shading Mode"},"sceneLighting":true,"audioPlay":false,"sceneViewState":{"showFog":true,"showMaterialUpdate":false,"showSkybox":true,"showFlares":true,"showImageEffects":true,"showParticleSystems":true},"in2DMode":false,"pivot":{"x":-270.219482421875,"y":117.23300170898438,"z":-26.76630210876465},"rotation":{"x":0.1336091011762619,"y":0.7304897904396057,"z":0.14950025081634522,"w":-0.6528269648551941},"size":312.98211669921877,"orthographic":false}