{"cameraMode":{"drawMode":0,"name":"Shaded","section":"Shading Mode"},"sceneLighting":false,"audioPlay":false,"sceneViewState":{"showFog":true,"showMaterialUpdate":false,"showSkybox":true,"showFlares":true,"showImageEffects":true,"showParticleSystems":true},"in2DMode":false,"pivot":{"x":2.5167160034179689,"y":3.2299208641052248,"z":-0.9511861801147461},"rotation":{"x":-0.2589971721172333,"y":0.5915302038192749,"z":-0.20858120918273927,"w":-0.7345109581947327},"size":33.12250518798828,"orthographic":false}