{"cameraMode":{"drawMode":0,"name":"Shaded","section":"Shading Mode"},"sceneLighting":false,"audioPlay":false,"sceneViewState":{"showFog":true,"showMaterialUpdate":false,"showSkybox":true,"showFlares":true,"showImageEffects":true,"showParticleSystems":true},"in2DMode":false,"pivot":{"x":8.536598205566407,"y":12.912490844726563,"z":4.708744049072266},"rotation":{"x":0.013375225476920605,"y":-0.8617002964019775,"z":-0.022746093571186067,"w":-0.5067310333251953},"size":82.9245376586914,"orthographic":false}