{"cameraMode":{"drawMode":0,"name":"Shaded","section":"Shading Mode"},"sceneLighting":true,"audioPlay":false,"sceneViewState":{"showFog":true,"showMaterialUpdate":false,"showSkybox":true,"showFlares":true,"showImageEffects":true,"showParticleSystems":true},"in2DMode":false,"pivot":{"x":-0.4807925224304199,"y":18.192392349243165,"z":6.685681343078613},"rotation":{"x":-0.0959782674908638,"y":-0.18376639485359193,"z":0.018032949417829515,"w":-0.9781067967414856},"size":107.40314483642578,"orthographic":false}